0,1,2,3,4,5,6,7,8,9,10,11,12,13,14,15,16,17,18,19,20
0.0,931.0660803469872,1210.10213896774,1180.4644107074566,865.1694292150804,1343.4719161390153,1533.594789978918,1297.7541438226208,945.2543545141441,760.8067903411039,891.3389126789476,1502.3805868111729,1686.5128560027206,1499.2276369962492,1444.681605198068,1178.25734583701,783.8233239900474,2174.9047823344113,2750.6334185394903,1833.440317378168,3191.415802665833
889.4471427899936,0.0,756.707955581703,727.0702273214197,494.0672359985536,2073.695093275359,2254.043822688998,1997.0784127727113,1653.7221779275135,1601.6985059812714,1732.230628319115,2343.2723024513407,2527.404571642888,2109.954016146982,2146.8435289815898,1727.1859086152372,647.3005970038486,1785.8307751728191,2071.1727334234197,1942.5323809745303,3055.8389606241108
1104.1630251863016,381.5069276057753,0.0,309.9349668070059,708.7831183948618,1973.7465841422754,2163.869457982178,1929.6052867333428,1575.5290225174042,1561.6560433317397,1692.1881656695837,2303.229839801809,2487.3621089933563,2348.6323171367108,2245.530858188704,2019.46435645867,862.0164794001566,2167.3377027785946,1756.8236368755206,1641.1103786678184,2520.152787068563
989.0803569415843,628.0676031328135,304.2596571401431,0.0,723.9172775064959,1688.7199208731674,1878.8427947130701,1644.5786234642346,1290.5023592482962,1276.6293800626315,1407.1615024004752,2018.2031765327006,2202.335445724248,2063.6056538676025,1960.5041949195954,2068.965668552973,1108.5771549271951,2413.898378305633,2061.083294015664,1356.0837153987104,2449.526711214271
741.5737964700689,475.149537109011,823.5504916580868,702.4772187650144,0.0,1637.0115439084177,1817.3602733220569,1560.3948634057701,1217.0386285605723,1165.0149566143302,1295.547078952174,1906.5887530843995,2090.7210222759472,1951.9912304193015,1848.8897714712944,1821.4591080814578,800.218663027651,2094.1892670723632,2379.531225322964,1505.848831607589,2771.127592336495
912.1483814574445,1656.2445377794525,1725.6094337077752,1747.9953773937339,1410.9450421783838,0.0,291.9631528619404,437.6294343114183,368.5798333645879,679.4606851160709,809.9928074539146,1204.7421242823698,1247.6222417653328,1466.436958921042,1363.335499973035,1516.56886097833,1677.3693015394417,3068.450759883806,3482.433070583296,1662.235142427808,3527.5202529367057
1188.977375207751,1933.073531529759,2002.4384274580818,2024.8243711440405,1687.77403592869,337.680925178335,0.0,312.45732665894485,645.4088271148942,956.2896788663772,1086.821801204221,1335.589541601706,1369.6413996028825,1743.2659526713483,1640.1644937233416,1793.397854728636,1954.1982952897479,3345.2797536341122,3759.262064333602,1939.064136178114,3804.3492466870116
1171.0055612626854,1915.1017175846935,1984.4666135130162,2006.8525571989749,1669.8022219836248,485.2389765167671,302.05259226969645,0.0,627.4370131698288,938.3178649213119,1068.8499872591556,1332.1212968052898,1366.1731548064663,1725.294138726283,1622.192679778276,1775.426040783571,1936.2264813446827,3327.3079396890466,3741.2902503885366,1921.0923222330484,3786.377432741947
545.4603179818109,1289.556474303819,1358.9213702321417,1381.3073139181006,1044.25697870275,893.5459775493943,1083.6688513892973,849.4046801404616,0.0,310.88085175148296,441.4129740893268,1052.4546482215521,1236.5869174130996,1097.857125556454,994.7556666084471,1147.989027613742,1310.6812380638082,2701.7626964081724,3115.7450071076623,1408.4226823264448,3160.832189461072
614.5099189286414,1414.7285819562924,1625.6609245746922,1648.0468682606509,1222.7139382274352,869.2682639744813,1059.3911378143844,825.1269665655486,471.05070234961016,0.0,417.13526051441386,1028.176934646639,1212.3092038381867,1073.5794119815412,970.4779530335342,1119.6124792794283,1267.4858255993527,2592.3553378303177,3168.0839740353967,1675.1622366689949,3427.571743803622
964.8026433666714,1765.0213063943222,1846.052116637863,1868.438060323822,1531.3877251084716,1089.6594560376525,1279.7823298775552,1045.5181586287197,691.4418944127812,526.5426190922684,0.0,611.0416741322252,795.173943323773,773.7338845822914,670.6324256342843,1052.7699432030442,1617.7785500373827,2835.763063542432,3411.491699747511,1895.5534287321664,3647.9629358667935
1426.7097912530025,2170.8059475750106,2240.1708435033333,2262.556787189292,1925.506451973942,1087.1370961857135,1262.1258109139821,1177.6267558740253,1085.5606212782516,1028.176934646639,990.6568318490462,0.0,682.928929912487,1324.869512230965,1221.7680532829581,1763.7601264683528,2119.4128655917534,3444.2823778227184,3996.994480378854,2289.6721555976364,4042.081662732264
1564.1784031836787,2364.3970662113297,2445.4278764548703,2467.813820140829,2130.7634849254787,1293.6553090632199,1543.6842293866744,1519.4065158117612,1290.8176542297883,1125.9183789092758,815.6681171207774,483.6625016093052,0.0,1016.511020331421,913.409561383414,1583.726692036206,2217.1543098543902,3366.719812375594,3942.4484485806734,2494.9291885491734,4247.3386956838
1433.9615758273274,2138.0152694998037,2357.4605766184977,2387.4135998602733,2027.6620259774718,1689.0352158546598,1879.1580896945625,1644.8939184457272,1290.8176542297883,1125.9183789092758,791.3904035458644,1358.9213702321417,1392.9732282333184,0.0,611.0416741322252,938.3178649213119,1990.7725131428638,2708.0685960380197,3283.7972322430987,2494.9291885491734,4247.3386956838
1381.6226088995927,2155.0411985003916,2336.3358128585082,2358.721756544467,1962.0806698270574,1579.9431522582975,1770.0660260982004,1535.8018548493649,1181.7255906334262,1016.8263153129135,706.5760535244152,1090.6053409821295,1102.5865502788397,352.1844943269843,0.0,942.1014046992203,2007.798442143452,2725.094525038608,3300.8231612436875,2385.8371249528113,4138.246632087438
1027.5463446836543,1747.3647874307494,1966.810094549443,1996.7631177912187,1621.246794833799,1470.8510886619354,1660.973962501838,1426.7097912530025,1072.6335270370641,862.3317743816491,898.9059922347648,1484.0934778846151,1593.8161314439621,873.6823937153747,900.7977621237189,0.0,1600.1220310738095,2317.4181139689654,2893.146750174045,2276.7450613564492,3878.758862319213
759.8609053966268,953.1367290514535,1232.1727876722066,1202.535059411923,887.2400779195467,1650.5692281125898,1840.6921019524925,1606.427930703657,1252.3516664877186,1042.0499138323037,1198.4362246525222,1809.4778987847474,1993.610167976295,1540.2159845902581,1577.1054974248661,1157.4478770585133,0.0,1954.1982952897479,2529.926931494827,2335.705222895523,3531.3037927146142
2367.234721044761,1997.3937077542037,2215.2625399654357,2246.7920381146732,1921.7229121960333,3245.646539482522,3435.7694133224245,3201.5052420735888,2847.4289778576504,2637.127225202235,2588.8870930339017,3156.418059720179,3266.140713279526,2536.2328311246747,2573.1223439592827,2153.46472359293,2132.0246648514485,0.0,2987.1046546587727,3370.1880571720103,4165.677295477275
2663.6120036475945,1940.9559060670683,1755.247161968059,1839.1156270450306,2209.5872302985726,3215.6935162407453,3405.8163900806485,3171.5522188318128,2817.4759546158743,2965.9798908987837,3096.5120132366274,3707.553687368853,3872.4529626893654,3142.5450805345145,3179.434593369122,2759.7769730027694,2421.46545786145,2818.4218395603516,0.0,2574.6988188667447,2238.5943685958714
1707.9529147442024,1662.235142427808,1280.7282148220324,1303.114158507991,1590.0325916660536,1879.473384676055,2008.1137371249445,1751.1483272086577,1459.5004693282096,1698.4940652994312,1829.026187637275,2440.0678617695,2624.2001309610478,2485.470339104402,2382.3688801563953,2535.60224116169,2142.744694222189,3448.0659176006266,3037.551851697553,0.0,3048.9024710312783
3008.229418418762,2739.282799205765,2357.7758715999894,2378.5853403784863,2743.0663389836736,3545.4920668817713,3735.614940721674,3501.3507694728387,3147.2745052569003,3295.778441539809,3426.310563877653,4037.352238009878,4221.484507201426,4082.7547153447804,3979.6532563967735,3787.008022704931,3219.7923510001465,3845.6528892625133,2546.322270532431,2177.4271421863505,0.0
