0,1,2,3,4,5,6,7,8,9,10,11,12,13,14,15,16
0.0,477.0495450335304,519.7989692652467,543.406860258881,658.6814270926632,320.301656183904,669.315612224931,602.9582969995803,654.8531204450468,497.2544967848391,4011.427315594033,1387.9738434635842,638.4764753413546,526.604847749898,390.2745943542257,409.8414949975983,1595.978504650741
466.41535990126266,0.0,148.66590814910288,157.17325625491708,286.2722637606473,164.6171858475045,339.44318942198595,192.47875089404593,244.37357433951246,311.79430807808984,3855.742845257634,977.4942973580498,482.79200500495494,370.92037741349844,405.16245353940053,254.79507576913483,1185.4989585452065
450.4640822028611,148.66590814910288,0.0,209.70613080831964,246.50041136596602,300.3093881352407,257.13459649823375,317.96213545480515,369.8569589002717,451.9528681213786,3991.4350475453703,1102.9776819188091,618.4842072926913,506.61257970123467,501.2954871351008,381.1291951404754,1310.9823431059658
514.9072441044035,215.0232233744535,178.65431022209788,0.0,129.09900750573024,316.4733495362877,182.2699331670689,216.29932559032565,268.1941490357922,350.29005825689904,4007.5990089464167,1001.3148720543295,634.6481686937381,522.7765411022816,579.7757734112367,279.46638527599595,1209.3195332414864
587.4323867064694,279.2537015733506,251.17945282416377,172.27379914273723,0.0,380.70382773518475,254.79507576913483,280.52980378922274,332.4246272346893,414.52053645579616,4071.829487145314,1065.5453502532266,698.8786468926353,587.0070193011787,644.0062516101337,343.69686347489306,1273.5500114403833
370.92037741349844,164.6171858475045,276.9141808442517,242.45942101570427,371.5584285214345,0.0,424.72935418277314,302.01085775640354,353.9056812018701,196.3070575416623,3691.125659410129,1087.0264042204074,318.1748191574505,206.30319156599398,269.68293495430964,108.89405575442157,1295.0310654075643
708.874780916967,350.07737455425365,372.62184703466124,308.6040525384095,356.67056933625963,474.07197319649543,0.0,214.59785596916282,314.13382880718876,298.39523481143254,4141.164374207699,956.2259270935144,768.2135339550208,651.0248137974305,714.8299245910368,371.3457448187891,1164.230588280671
642.9428330969071,216.93737669826172,354.11836490451543,175.46405468241755,304.5630621881478,340.93197534050347,217.15006040090705,0.0,180.99383095119677,165.25523695544055,4008.024376351708,814.5785811317081,635.073536099029,517.8848159414384,581.6899267350449,238.20574696279715,1022.583242318865
657.4053248767912,231.3998684781458,368.5808566843996,189.92654646230167,319.02555396803194,355.39446712038756,334.1260968558521,153.98300071523676,0.0,289.675203002973,4046.520126530517,938.9985471792406,673.569286277838,561.6976586863816,596.152418514929,318.3875028600958,1147.0032083663973
534.4741447477761,307.5406340251828,440.4679481785294,276.70149714160635,405.8005046473366,195.24363902843552,316.686033238933,220.55299964323274,283.082008220967,0.0,3842.769139396267,937.7224449633684,469.8182991435883,352.62957898599797,464.92657398274514,81.03249070788011,1145.7271061505253
4058.8557812839476,3852.5525897179537,3964.8495847147005,3930.3948248861534,4059.4938323918836,3687.935403870449,4112.664758053223,3989.9462616268524,4041.8410850723194,3822.1388202396674,0.0,3585.421859195388,3369.973268415644,3507.7923077298333,3762.1620160936777,3796.8294596248707,3625.6190789953603
1405.6265907831487,979.6211343845034,1116.802122590757,938.1478123686593,1067.2468198743895,1103.615733026745,979.1957669792126,883.0627333835123,943.6775886374384,953.035671553834,3567.981795578469,0.0,1421.7905521841956,1305.665250539832,1344.3736844212865,1025.9861815611905,375.17405146640556
688.8825128683036,482.5793213023096,594.8763162990568,560.4215564705094,689.5205639762396,317.96213545480515,742.6914896375782,619.9729932112087,671.8678166566751,452.1655518240239,3372.950840252679,1389.8879967873925,0.0,137.81903931418978,392.1887476780339,426.85619120922667,1597.8926579745491
571.9064764133585,365.6032848473646,477.90027984411176,443.44552001556434,572.5445275212946,200.9860989998601,625.7154531826333,502.99695675626367,554.8917802017302,364.32718263149246,3517.57575805152,1288.0125032202675,144.62491779884112,0.0,275.2127112230889,309.88015475428165,1496.0171644074244
428.13229342509885,438.3411111520758,486.1949442472806,504.69842637742653,633.7974338831567,280.7424874918681,686.9683595444953,564.2498631181259,616.1446865635922,458.54606290338455,3765.7776390386484,1349.2654095821297,392.82679878596997,280.9551711945134,0.0,371.1330611161438,1557.2700707692866
453.441654039896,253.30628985061733,359.4354574706493,209.06807970038358,338.1670872061138,114.21114832055544,391.3380128674525,268.61951644108285,320.51433988654935,87.41300178724074,3805.336807730685,1013.2251594024693,432.38596747800597,320.51433988654935,383.89408327486507,0.0,1221.2298205896263
1602.9970668380379,1176.9916104393924,1314.172598645646,1135.5182884235483,1264.6172959292785,1300.9862090816343,1176.5662430341017,1080.4332094384015,1141.0480646923274,1150.4061476087231,3597.7575139488185,373.047214439952,1619.1610282390845,1503.0357265947212,1541.7441604761755,1223.35665761608,0.0
